name,level,episodes,success_rate,collision_rate,timeout_rate,mean_return,mean_steps,mean_guarded_steps,mean_guarded_step_fraction,guarded_episode_rate,guard_enabled,mean_final_dist_xy,mean_final_dist_z,control_scale_range,control_noise_std_range,control_delay_range,control_filter_alpha_range
clean,none,20,0.45,0.35,0.2,255.1399684599453,451.85,277.5,0.6141418612371362,0.8,True,0.030244967584599082,0.022938773847198973,1.0:1.0,0.0:0.0,0:0,1.0:1.0
visual_camera,visual_camera,20,0.25,0.25,0.5,70.79346594289788,649.45,421.5,0.6490107013626915,0.95,True,0.027279823298092302,0.03577554960183127,1.0:1.0,0.0:0.0,0:0,1.0:1.0
visual_camera_control,visual_camera_control,20,0.4,0.35,0.25,176.77447717509517,482.85,289.3,0.599150875012944,0.9,True,0.03250201314213977,0.030770679775879096,0.8:1.2,0.0:0.0008,0:2,0.55:1.0
full_light_geometry,full_light_geometry,20,0.25,0.3,0.45,170.07441774941327,608.85,427.0,0.7013221647367989,0.95,True,0.018520853496797655,0.0276447310699957,0.8:1.2,0.0:0.0008,0:2,0.55:1.0
full_contact_light,full_contact_light,20,0.3,0.35,0.35,260.72033168597056,562.4,333.0,0.5921052631578948,0.95,True,0.019081275007213898,0.03058378097978647,0.8:1.2,0.0:0.0008,0:2,0.55:1.0
hard_full_light_bucket,full_light_geometry,20,0.35,0.45,0.2,244.66401748355935,447.2,268.1,0.5995080500894455,0.85,True,0.025220000050007702,0.0293852840494468,0.8:1.1,0.0:0.00025,2:2,0.55:0.7
