name,level,episodes,success_rate,collision_rate,timeout_rate,mean_return,mean_steps,mean_guarded_steps,mean_guarded_step_fraction,guarded_episode_rate,guard_enabled,mean_final_dist_xy,mean_final_dist_z,control_scale_range,control_noise_std_range,control_delay_range,control_filter_alpha_range
clean,none,20,0.5,0.3,0.2,322.0502020215865,473.4,288.3,0.6089987325728771,0.8,True,0.022802094432984536,0.025686457198138196,1.0:1.0,0.0:0.0,0:0,1.0:1.0
visual_camera,visual_camera,20,0.25,0.3,0.45,122.46385353976504,627.6,416.85,0.6641969407265774,0.95,True,0.017646160831401518,0.029580879542904746,1.0:1.0,0.0:0.0,0:0,1.0:1.0
visual_camera_control,visual_camera_control,20,0.4,0.3,0.3,145.11429207316084,501.35,306.95,0.6122469332801436,0.95,True,0.028957763172195828,0.02663998929035353,0.8:1.2,0.0:0.0008,0:2,0.55:1.0
full_light_geometry,full_light_geometry,20,0.3,0.2,0.5,152.01725253186265,650.9,460.75,0.7078660316484867,0.95,True,0.01571931096299815,0.02353543838882689,0.8:1.2,0.0:0.0008,0:2,0.55:1.0
full_contact_light,full_contact_light,20,0.25,0.4,0.35,187.54817809033224,561.5,330.0,0.5877114870881567,1.0,True,0.018829062063337038,0.031042758938820404,0.8:1.2,0.0:0.0008,0:2,0.55:1.0
hard_full_light_bucket,full_light_geometry,20,0.35,0.4,0.25,247.25382120588796,485.65,295.25,0.6079481107793678,0.85,True,0.021608024765126355,0.02894095958631282,0.8:1.1,0.0:0.00025,2:2,0.55:0.7
