name,level,episodes,success_rate,collision_rate,timeout_rate,mean_return,mean_steps,mean_guarded_steps,mean_guarded_step_fraction,guarded_episode_rate,guard_enabled,mean_final_dist_xy,mean_final_dist_z,control_scale_range,control_noise_std_range,control_delay_range,control_filter_alpha_range
clean,none,100,0.19,0.47,0.34,225.27511411925653,496.81,306.49,0.6169159235925203,0.76,True,0.031170888624446804,0.03211378686024496,1.0:1.0,0.0:0.0,0:0,1.0:1.0
visual_camera,visual_camera,100,0.24,0.42,0.34,-221.85993556196817,516.48,220.46,0.4268509913258984,0.61,True,0.06556673570274506,0.04704520653519041,1.0:1.0,0.0:0.0,0:0,1.0:1.0
visual_camera_control,visual_camera_control,100,0.18,0.47,0.35,-304.2410567045158,510.73,203.32,0.3980968417754978,0.6,True,0.0674312724315505,0.05561529929933293,0.8:1.2,0.0:0.0008,0:2,0.55:1.0
full_light_geometry,full_light_geometry,100,0.17,0.51,0.32,-170.6253616337312,470.99,206.12,0.4376313722159706,0.69,True,0.06076469788511354,0.04785159332519304,0.8:1.2,0.0:0.0008,0:2,0.55:1.0
full_contact_light,full_contact_light,100,0.22,0.5,0.28,-109.13790961631962,465.65,201.97,0.43373778589069045,0.7,True,0.05827864311258943,0.04201567047997932,0.8:1.2,0.0:0.0008,0:2,0.55:1.0
hard_full_light_bucket,full_light_geometry,100,0.15,0.52,0.33,-432.3181927028233,506.98,158.32,0.31228056333583176,0.57,True,0.082735377481225,0.06234651436864753,0.8:1.1,0.0:0.00025,2:2,0.55:0.7
