name,level,episodes,success_rate,collision_rate,timeout_rate,mean_return,mean_steps,mean_guarded_steps,mean_guarded_step_fraction,guarded_episode_rate,guard_enabled,mean_final_dist_xy,mean_final_dist_z,control_scale_range,control_noise_std_range,control_delay_range,control_filter_alpha_range
clean,none,10,0.8,0.2,0.0,161.33612419831195,89.6,87.1,0.9720982142857143,1.0,True,0.008305954760915583,0.017064711360147377,1.0:1.0,0.0:0.0,0:0,1.0:1.0
visual_camera,visual_camera,10,0.8,0.2,0.0,159.1599582943417,91.1,87.6,0.9615806805708013,1.0,True,0.008806010960372753,0.016939928182730435,1.0:1.0,0.0:0.0,0:0,1.0:1.0
visual_camera_control,visual_camera_control,10,0.8,0.2,0.0,157.2771767845102,94.2,90.5,0.9607218683651805,1.0,True,0.00946412314133434,0.01672828509873462,0.8:1.2,0.0:0.0008,0:2,0.55:1.0
full_light_geometry,full_light_geometry,10,0.8,0.2,0.0,167.17182614869336,98.9,95.3,0.9635995955510616,1.0,True,0.009237467707275968,0.016955006042629183,0.8:1.2,0.0:0.0008,0:2,0.55:1.0
full_contact_light,full_contact_light,10,0.8,0.2,0.0,167.2814201196699,93.8,90.3,0.9626865671641791,1.0,True,0.008745870114572597,0.01718493899839759,0.8:1.2,0.0:0.0008,0:2,0.55:1.0
hard_full_light_bucket,full_light_geometry,10,0.7,0.3,0.0,113.6416572975838,88.1,84.1,0.9545970488081725,1.0,True,0.011430910369896363,0.02108332602714369,0.8:1.1,0.0:0.00025,2:2,0.55:0.7
