name,level,episodes,success_rate,collision_rate,timeout_rate,mean_return,mean_steps,mean_guarded_steps,mean_guarded_step_fraction,guarded_episode_rate,guard_enabled,mean_final_dist_xy,mean_final_dist_z,control_scale_range,control_noise_std_range,control_delay_range,control_filter_alpha_range
clean,none,100,0.97,0.02,0.01,259.28343393425496,110.12,102.81,0.933617871413004,1.0,True,0.005313906809680827,0.008993785146042077,1.0:1.0,0.0:0.0,0:0,1.0:1.0
visual_camera,visual_camera,100,0.91,0.08,0.01,229.92854208308052,107.07,98.83,0.923041001214159,1.0,True,0.006547604202589399,0.011494172835213055,1.0:1.0,0.0:0.0,0:0,1.0:1.0
visual_camera_control,visual_camera_control,100,0.86,0.14,0.0,199.3942296960731,102.8,94.02,0.9145914396887159,1.0,True,0.008809787014841091,0.013997964179719777,0.8:1.2,0.0:0.0008,0:2,0.55:1.0
full_light_geometry,full_light_geometry,100,0.83,0.15,0.02,199.8039291585611,102.74,93.84,0.9133735643371619,0.98,True,0.009041517430871136,0.014689264068686063,0.8:1.2,0.0:0.0008,0:2,0.55:1.0
full_contact_light,full_contact_light,100,0.83,0.15,0.02,195.55663978277641,102.07,93.19,0.9130008817478201,0.99,True,0.009581849171014489,0.014423849670076953,0.8:1.2,0.0:0.0008,0:2,0.55:1.0
hard_full_light_bucket,full_light_geometry,100,0.77,0.18,0.05,171.70919320567805,106.73,97.47,0.9132390143352384,0.98,True,0.010169526831751088,0.015379583515278105,0.8:1.1,0.0:0.00025,2:2,0.55:0.7
