name,level,episodes,success_rate,collision_rate,timeout_rate,mean_return,mean_steps,mean_guarded_steps,mean_guarded_step_fraction,guarded_episode_rate,guard_enabled,mean_final_dist_xy,mean_final_dist_z,control_scale_range,control_noise_std_range,control_delay_range,control_filter_alpha_range
clean,none,100,0.95,0.0,0.05,118.43866676165834,127.97,0.0,0.0,0.0,False,0.004352010166327567,0.008159997822499175,1.0:1.0,0.0:0.0,0:0,1.0:1.0
visual_camera,visual_camera,100,0.66,0.0,0.34,62.7325014910801,145.96,0.0,0.0,0.0,False,0.0058765949647456624,0.00797275319438714,1.0:1.0,0.0:0.0,0:0,1.0:1.0
visual_camera_control,visual_camera_control,100,0.61,0.02,0.37,44.58861804844147,146.88,0.0,0.0,0.0,False,0.006987594033283877,0.008839199255214323,0.8:1.2,0.0:0.0008,0:2,0.55:1.0
full_light_geometry,full_light_geometry,100,0.84,0.15,0.01,162.52845882810132,96.99,88.29,0.910300030931024,0.99,True,0.009080536236094235,0.014465321392545225,0.8:1.2,0.0:0.0008,0:2,0.55:1.0
full_contact_light,full_contact_light,100,0.84,0.16,0.0,158.12383261795824,95.76,87.07,0.909252297410192,0.99,True,0.009447050613871015,0.014866084958161597,0.8:1.2,0.0:0.0008,0:2,0.55:1.0
hard_full_light_bucket,full_light_geometry,100,0.81,0.19,0.0,137.5825754207958,98.35,89.27,0.9076766649720387,0.99,True,0.010362859531315707,0.015968590307691953,0.8:1.1,0.0:0.00025,2:2,0.55:0.7
