name,level,episodes,success_rate,collision_rate,timeout_rate,mean_return,mean_steps,mean_guarded_steps,mean_guarded_step_fraction,guarded_episode_rate,guard_enabled,mean_final_dist_xy,mean_final_dist_z,control_scale_range,control_noise_std_range,control_delay_range,control_filter_alpha_range
clean,none,30,0.8666666666666667,0.13333333333333333,0.0,208.3319765121694,98.3,91.1,0.9267548321464903,1.0,True,0.0077732487915301105,0.013686235938238808,1.0:1.0,0.0:0.0,0:0,1.0:1.0
visual_camera,visual_camera,30,0.8666666666666667,0.13333333333333333,0.0,208.689660087712,99.0,90.56666666666666,0.9148148148148147,1.0,True,0.0082736783086171,0.013845173765554527,1.0:1.0,0.0:0.0,0:0,1.0:1.0
visual_camera_control,visual_camera_control,30,0.8333333333333334,0.16666666666666666,0.0,184.24528143519314,96.56666666666666,87.3,0.9040386606834656,1.0,True,0.010768095745627532,0.015197263606547051,0.8:1.2,0.0:0.0008,0:2,0.55:1.0
full_light_geometry,full_light_geometry,30,0.8,0.2,0.0,176.59435976204153,96.83333333333333,87.46666666666667,0.9032702237521515,0.9666666666666667,True,0.011185532230662558,0.01656717702325339,0.8:1.2,0.0:0.0008,0:2,0.55:1.0
full_contact_light,full_contact_light,30,0.8,0.16666666666666666,0.03333333333333333,184.22646953942711,97.63333333333334,88.33333333333333,0.9047456469784908,1.0,True,0.010197335512465924,0.015209781316015306,0.8:1.2,0.0:0.0008,0:2,0.55:1.0
hard_full_light_bucket,full_light_geometry,30,0.7666666666666667,0.2,0.03333333333333333,163.07262068922967,101.2,91.5,0.9041501976284585,0.9666666666666667,True,0.012175752145848474,0.016248150882309905,0.8:1.1,0.0:0.00025,2:2,0.55:0.7
