name,level,episodes,success_rate,collision_rate,timeout_rate,mean_return,mean_steps,mean_guarded_steps,mean_guarded_step_fraction,guarded_episode_rate,guard_enabled,mean_final_dist_xy,mean_final_dist_z,control_scale_range,control_noise_std_range,control_delay_range,control_filter_alpha_range
clean,none,100,0.98,0.02,0.0,260.8512777434764,109.79,102.37,0.9324164313689771,1.0,True,0.005266633690040255,0.009019315631099119,1.0:1.0,0.0:0.0,0:0,1.0:1.0
visual_camera,visual_camera,100,0.93,0.07,0.0,236.65594790473057,107.43,99.17,0.9231127245648328,1.0,True,0.006200689043225285,0.011103155631556252,1.0:1.0,0.0:0.0,0:0,1.0:1.0
visual_camera_control,visual_camera_control,100,0.86,0.14,0.0,200.36885340752684,103.24,94.51,0.9154397520340954,1.0,True,0.008527222727762766,0.014004891657908991,0.8:1.2,0.0:0.0008,0:2,0.55:1.0
full_light_geometry,full_light_geometry,100,0.83,0.13,0.04,207.86221133849853,105.05,96.23,0.916039980961447,0.99,True,0.008431772899742306,0.01401241337227743,0.8:1.2,0.0:0.0008,0:2,0.55:1.0
full_contact_light,full_contact_light,100,0.84,0.14,0.02,200.3031801809537,102.86,94.01,0.9139607233132414,0.99,True,0.00935712200800955,0.013990215325253897,0.8:1.2,0.0:0.0008,0:2,0.55:1.0
hard_full_light_bucket,full_light_geometry,100,0.78,0.18,0.04,174.28251663043815,106.44,97.23,0.9134723788049606,0.99,True,0.009863682194954189,0.015436547247012457,0.8:1.1,0.0:0.00025,2:2,0.55:0.7
