name,level,episodes,success_rate,collision_rate,timeout_rate,mean_return,mean_steps,mean_guarded_steps,mean_guarded_step_fraction,guarded_episode_rate,guard_enabled,mean_final_dist_xy,mean_final_dist_z,control_scale_range,control_noise_std_range,control_delay_range,control_filter_alpha_range
clean,none,30,0.9333333333333333,0.03333333333333333,0.03333333333333333,279.6023775041177,130.83333333333334,123.63333333333334,0.944968152866242,1.0,True,0.005836340592754291,0.009165886090638998,1.0:1.0,0.0:0.0,0:0,1.0:1.0
visual_camera,visual_camera,30,0.8666666666666667,0.1,0.03333333333333333,246.2848225808202,127.26666666666667,118.83333333333333,0.9337349397590361,1.0,True,0.007342169950117429,0.01199405777477747,1.0:1.0,0.0:0.0,0:0,1.0:1.0
visual_camera_control,visual_camera_control,30,0.8,0.16666666666666666,0.03333333333333333,215.33032655580848,123.86666666666666,114.6,0.9251883745963402,1.0,True,0.010430193816539403,0.014828897717097915,0.8:1.2,0.0:0.0008,0:2,0.55:1.0
full_light_geometry,full_light_geometry,30,0.8333333333333334,0.13333333333333333,0.03333333333333333,231.65747993730736,123.83333333333333,114.46666666666667,0.9243606998654106,0.9666666666666667,True,0.009846611935865002,0.013472983449193435,0.8:1.2,0.0:0.0008,0:2,0.55:1.0
full_contact_light,full_contact_light,30,0.8333333333333334,0.1,0.06666666666666667,237.53851588399823,122.23333333333333,112.93333333333334,0.9239160076356695,1.0,True,0.009015362615139038,0.012078039300574932,0.8:1.2,0.0:0.0008,0:2,0.55:1.0
hard_full_light_bucket,full_light_geometry,30,0.8,0.16666666666666666,0.03333333333333333,202.68018704028196,122.6,112.9,0.9208809135399675,0.9666666666666667,True,0.011279255812725259,0.014638388868494827,0.8:1.1,0.0:0.00025,2:2,0.55:0.7
