name,level,episodes,success_rate,collision_rate,timeout_rate,mean_return,mean_steps,mean_guarded_steps,mean_guarded_step_fraction,guarded_episode_rate,guard_enabled,mean_final_dist_xy,mean_final_dist_z,control_scale_range,control_noise_std_range,control_delay_range,control_filter_alpha_range
clean,none,30,0.8,0.2,0.0,168.06323340792284,91.76666666666667,84.56666666666666,0.9215401380312386,1.0,True,0.008743953743880038,0.01674820244819977,1.0:1.0,0.0:0.0,0:0,1.0:1.0
visual_camera,visual_camera,30,0.8,0.2,0.0,167.90583091012775,92.7,84.26666666666667,0.9090255303847536,1.0,True,0.00921471431206261,0.01675293946578394,1.0:1.0,0.0:0.0,0:0,1.0:1.0
visual_camera_control,visual_camera_control,30,0.8,0.2,0.0,159.96607531667652,92.93333333333334,83.66666666666667,0.900286944045911,1.0,True,0.011230679971566675,0.016695850644432228,0.8:1.2,0.0:0.0008,0:2,0.55:1.0
full_light_geometry,full_light_geometry,30,0.7666666666666667,0.2,0.03333333333333333,165.7156508585432,99.1,89.73333333333333,0.9054826774302053,0.9666666666666667,True,0.01118736815268074,0.01669853506197029,0.8:1.2,0.0:0.0008,0:2,0.55:1.0
full_contact_light,full_contact_light,30,0.7666666666666667,0.23333333333333334,0.0,151.08523520753704,91.6,82.3,0.898471615720524,1.0,True,0.011148250957215809,0.018178323095036367,0.8:1.2,0.0:0.0008,0:2,0.55:1.0
hard_full_light_bucket,full_light_geometry,30,0.6666666666666666,0.3333333333333333,0.0,97.96609695252928,87.43333333333334,77.73333333333333,0.8890583301563095,0.9666666666666667,True,0.0141787760367573,0.022012132123998985,0.8:1.1,0.0:0.00025,2:2,0.55:0.7
