name,level,episodes,success_rate,collision_rate,timeout_rate,mean_return,mean_steps,mean_guarded_steps,mean_guarded_step_fraction,guarded_episode_rate,guard_enabled,mean_final_dist_xy,mean_final_dist_z,control_scale_range,control_noise_std_range,control_delay_range,control_filter_alpha_range
clean,none,30,0.8333333333333334,0.13333333333333333,0.03333333333333333,212.38664477711592,103.33333333333333,96.13333333333334,0.9303225806451614,1.0,True,0.007911386697318995,0.013462579420492707,1.0:1.0,0.0:0.0,0:0,1.0:1.0
visual_camera,visual_camera,30,0.8666666666666667,0.13333333333333333,0.0,218.58067921743037,102.56666666666666,94.13333333333334,0.9177770555736108,1.0,True,0.008363607218239621,0.013608613944285357,1.0:1.0,0.0:0.0,0:0,1.0:1.0
visual_camera_control,visual_camera_control,30,0.8333333333333334,0.16666666666666666,0.0,193.37147370097216,99.93333333333334,90.66666666666667,0.9072715143428953,1.0,True,0.010837154286847152,0.015101210824948575,0.8:1.2,0.0:0.0008,0:2,0.55:1.0
full_light_geometry,full_light_geometry,30,0.8,0.2,0.0,183.4233211752829,98.56666666666666,89.2,0.9049712546499832,0.9666666666666667,True,0.011233619003193645,0.01644170338142985,0.8:1.2,0.0:0.0008,0:2,0.55:1.0
full_contact_light,full_contact_light,30,0.8,0.16666666666666666,0.03333333333333333,192.36164200602622,99.8,90.5,0.9068136272545091,1.0,True,0.010285415929267187,0.015044466516178323,0.8:1.2,0.0:0.0008,0:2,0.55:1.0
hard_full_light_bucket,full_light_geometry,30,0.7666666666666667,0.2,0.03333333333333333,169.53807929764338,104.23333333333333,94.53333333333333,0.9069395586824432,0.9666666666666667,True,0.01219490337449814,0.016092381762604628,0.8:1.1,0.0:0.00025,2:2,0.55:0.7
