name,level,episodes,success_rate,collision_rate,timeout_rate,mean_return,mean_steps,mean_guarded_steps,mean_guarded_step_fraction,guarded_episode_rate,guard_enabled,mean_final_dist_xy,mean_final_dist_z,control_scale_range,control_noise_std_range,control_delay_range,control_filter_alpha_range
clean,none,30,0.9333333333333333,0.03333333333333333,0.03333333333333333,251.17898875188698,109.93333333333334,102.73333333333333,0.9345057610673135,1.0,True,0.0057909114093168445,0.009442050300482955,1.0:1.0,0.0:0.0,0:0,1.0:1.0
visual_camera,visual_camera,30,0.9,0.1,0.0,223.573818523147,104.36666666666666,95.93333333333334,0.9191951453209838,1.0,True,0.007201199866982943,0.012304967095342626,1.0:1.0,0.0:0.0,0:0,1.0:1.0
visual_camera_control,visual_camera_control,30,0.8333333333333334,0.16666666666666666,0.0,184.57608139626853,99.06666666666666,89.8,0.9064602960969045,1.0,True,0.01034789600472903,0.015068964300160626,0.8:1.2,0.0:0.0008,0:2,0.55:1.0
full_light_geometry,full_light_geometry,30,0.8666666666666667,0.13333333333333333,0.0,206.3264792020264,104.13333333333334,94.76666666666667,0.9100512163892445,0.9666666666666667,True,0.0097597917371498,0.013495130462442433,0.8:1.2,0.0:0.0008,0:2,0.55:1.0
full_contact_light,full_contact_light,30,0.8666666666666667,0.1,0.03333333333333333,213.16513376651025,103.23333333333333,93.93333333333334,0.9099128188569584,1.0,True,0.008921517285659734,0.012336711904064213,0.8:1.2,0.0:0.0008,0:2,0.55:1.0
hard_full_light_bucket,full_light_geometry,30,0.8,0.16666666666666666,0.03333333333333333,179.1496773836584,105.5,95.8,0.9080568720379146,0.9666666666666667,True,0.011255012020814463,0.014711370909823813,0.8:1.1,0.0:0.00025,2:2,0.55:0.7
