name,level,episodes,success_rate,collision_rate,timeout_rate,mean_return,mean_steps,mean_guarded_steps,mean_guarded_step_fraction,guarded_episode_rate,guard_enabled,mean_final_dist_xy,mean_final_dist_z,control_scale_range,control_noise_std_range,control_delay_range,control_filter_alpha_range
clean,none,100,0.4,0.12,0.48,134.70927947893486,632.41,449.95,0.7114846381303268,0.97,True,0.010790358317602857,0.022020592014143178,1.0:1.0,0.0:0.0,0:0,1.0:1.0
visual_camera,visual_camera,100,0.37,0.22,0.41,84.62456416661006,592.21,370.89,0.6262812178112493,0.87,True,0.0273652321989413,0.031997452521152124,1.0:1.0,0.0:0.0,0:0,1.0:1.0
visual_camera_control,visual_camera_control,100,0.35,0.34,0.31,148.18924369439597,522.55,331.61,0.634599559850732,0.87,True,0.026511126389149976,0.02684834852692617,0.8:1.2,0.0:0.0008,0:2,0.55:1.0
full_light_geometry,full_light_geometry,100,0.22,0.32,0.46,18.089631455996642,628.71,382.79,0.6088498671883699,0.82,True,0.03624790653406963,0.029164755578419785,0.8:1.2,0.0:0.0008,0:2,0.55:1.0
full_contact_light,full_contact_light,100,0.34,0.3,0.36,88.91055056426394,564.98,361.48,0.639810258770222,0.88,True,0.027032767061827,0.0260062184740709,0.8:1.2,0.0:0.0008,0:2,0.55:1.0
hard_full_light_bucket,full_light_geometry,100,0.27,0.36,0.37,134.88350312489095,557.24,348.36,0.625152537506281,0.88,True,0.025340849555222516,0.02987432602665087,0.8:1.1,0.0:0.00025,2:2,0.55:0.7
