name,level,episodes,success_rate,collision_rate,timeout_rate,mean_return,mean_steps,mean_guarded_steps,mean_guarded_step_fraction,guarded_episode_rate,guard_enabled,mean_final_dist_xy,mean_final_dist_z,control_scale_range,control_noise_std_range,control_delay_range,control_filter_alpha_range
clean,none,100,0.48,0.1,0.42,162.49036620598335,595.91,409.23,0.6867312178013459,1.0,True,0.008968491107479744,0.020819636245462184,1.0:1.0,0.0:0.0,0:0,1.0:1.0
visual_camera,visual_camera,100,0.4,0.19,0.41,116.31527872369885,595.6,395.97,0.6648253861652116,0.91,True,0.02194882253021139,0.02626575634199628,1.0:1.0,0.0:0.0,0:0,1.0:1.0
visual_camera_control,visual_camera_control,100,0.34,0.3,0.36,143.98157714835205,560.32,350.0,0.6246430611079382,0.87,True,0.026984137139342064,0.028388585829499595,0.8:1.2,0.0:0.0008,0:2,0.55:1.0
full_light_geometry,full_light_geometry,100,0.35,0.24,0.41,113.73175937501539,584.92,380.24,0.6500718046912399,0.9,True,0.025778988250304193,0.028838646402025582,0.8:1.2,0.0:0.0008,0:2,0.55:1.0
full_contact_light,full_contact_light,100,0.39,0.29,0.32,216.53823482826795,530.82,327.86,0.6176481669869258,0.94,True,0.017513688350401492,0.026005377018243334,0.8:1.2,0.0:0.0008,0:2,0.55:1.0
hard_full_light_bucket,full_light_geometry,100,0.24,0.37,0.39,69.96416167502696,591.12,352.58,0.5964609554743537,0.83,True,0.03544446581177609,0.03332420431806661,0.8:1.1,0.0:0.00025,2:2,0.55:0.7
