name,level,episodes,success_rate,collision_rate,timeout_rate,mean_return,mean_steps,mean_guarded_steps,mean_guarded_step_fraction,guarded_episode_rate,guard_enabled,mean_final_dist_xy,mean_final_dist_z,control_scale_range,control_noise_std_range,control_delay_range,control_filter_alpha_range
clean,none,100,0.48,0.15,0.37,247.87467818646712,569.26,404.68,0.7108878192741455,0.96,True,0.01279463578876965,0.02186165294428526,1.0:1.0,0.0:0.0,0:0,1.0:1.0
visual_camera,visual_camera,100,0.45,0.22,0.33,206.1971527001177,542.83,355.0,0.6539800674244238,0.92,True,0.017181331927167306,0.02225197630695743,1.0:1.0,0.0:0.0,0:0,1.0:1.0
visual_camera_control,visual_camera_control,100,0.33,0.27,0.4,134.73205367996664,580.0,375.03,0.646603448275862,0.88,True,0.02527834241110655,0.030065497286381457,0.8:1.2,0.0:0.0008,0:2,0.55:1.0
full_light_geometry,full_light_geometry,100,0.27,0.37,0.36,173.8918593677039,548.54,341.44,0.6224523279979582,0.88,True,0.02343424241310306,0.028669244340283104,0.8:1.2,0.0:0.0008,0:2,0.55:1.0
full_contact_light,full_contact_light,100,0.31,0.37,0.32,196.79367455847972,529.54,332.04,0.6270347849076557,0.87,True,0.026111287090628012,0.02739207407250981,0.8:1.2,0.0:0.0008,0:2,0.55:1.0
hard_full_light_bucket,full_light_geometry,100,0.33,0.26,0.41,188.74241805037877,609.91,385.58,0.6321916348313685,0.91,True,0.024274811683648475,0.030191907032024234,0.8:1.1,0.0:0.00025,2:2,0.55:0.7
