name,level,episodes,success_rate,collision_rate,timeout_rate,mean_return,mean_steps,mean_guarded_steps,mean_guarded_step_fraction,guarded_episode_rate,guard_enabled,mean_final_dist_xy,mean_final_dist_z,control_scale_range,control_noise_std_range,control_delay_range,control_filter_alpha_range
clean,none,100,0.53,0.05,0.42,194.47446353157724,591.14,431.25,0.7295226173156951,0.97,True,0.010129706540714845,0.01893981760525072,1.0:1.0,0.0:0.0,0:0,1.0:1.0
visual_camera,visual_camera,100,0.37,0.17,0.46,110.3755670808918,617.7,409.01,0.6621499109600129,0.95,True,0.01531624079836541,0.02699338331440839,1.0:1.0,0.0:0.0,0:0,1.0:1.0
visual_camera_control,visual_camera_control,100,0.31,0.33,0.36,62.560087639627746,562.5,335.07,0.59568,0.9,True,0.030371668640088324,0.0336334739913581,0.8:1.2,0.0:0.0008,0:2,0.55:1.0
full_light_geometry,full_light_geometry,100,0.34,0.28,0.38,163.4236970149981,567.43,383.59,0.6760129002696368,0.89,True,0.019565617279378875,0.02511577442197126,0.8:1.2,0.0:0.0008,0:2,0.55:1.0
full_contact_light,full_contact_light,100,0.29,0.32,0.39,107.7766818553761,572.16,363.29,0.6349447706935124,0.87,True,0.028642433042383245,0.03326941887388099,0.8:1.2,0.0:0.0008,0:2,0.55:1.0
hard_full_light_bucket,full_light_geometry,100,0.27,0.34,0.39,164.29212776484965,575.38,356.48,0.619555771837742,0.86,True,0.022259039467694013,0.027925692749029098,0.8:1.1,0.0:0.00025,2:2,0.55:0.7
