name,level,episodes,success_rate,collision_rate,timeout_rate,mean_return,mean_steps,mean_guarded_steps,mean_guarded_step_fraction,guarded_episode_rate,guard_enabled,mean_final_dist_xy,mean_final_dist_z,control_scale_range,control_noise_std_range,control_delay_range,control_filter_alpha_range
clean,none,100,0.49,0.1,0.41,94.86055778219678,589.38,412.42,0.699752282059113,0.97,True,0.012308447134498173,0.020915939017236228,1.0:1.0,0.0:0.0,0:0,1.0:1.0
visual_camera,visual_camera,100,0.34,0.19,0.47,35.777064867433694,631.4,404.58,0.6407665505226481,0.96,True,0.014740443115900066,0.028564344353136845,1.0:1.0,0.0:0.0,0:0,1.0:1.0
visual_camera_control,visual_camera_control,100,0.32,0.26,0.42,-13.126919707619345,615.24,373.85,0.6076490475261687,0.92,True,0.026858278735220918,0.03464733104176453,0.8:1.2,0.0:0.0008,0:2,0.55:1.0
full_light_geometry,full_light_geometry,100,0.35,0.26,0.39,125.6593930544433,584.4,386.89,0.6620294318959616,0.92,True,0.017133660231210147,0.025087569600305882,0.8:1.2,0.0:0.0008,0:2,0.55:1.0
full_contact_light,full_contact_light,100,0.35,0.3,0.35,97.3707212615172,562.0,341.93,0.6084163701067615,0.91,True,0.023257346574419288,0.03228998646058199,0.8:1.2,0.0:0.0008,0:2,0.55:1.0
hard_full_light_bucket,full_light_geometry,100,0.27,0.34,0.39,125.72687991458093,587.27,352.62,0.600439320925639,0.9,True,0.020638022870031296,0.029293973033622883,0.8:1.1,0.0:0.00025,2:2,0.55:0.7
