name,level,episodes,success_rate,collision_rate,timeout_rate,mean_return,mean_steps,mean_guarded_steps,mean_guarded_step_fraction,guarded_episode_rate,guard_enabled,mean_final_dist_xy,mean_final_dist_z,control_scale_range,control_noise_std_range,control_delay_range,control_filter_alpha_range
clean,none,100,0.97,0.02,0.01,259.1460593950221,110.17,102.84,0.9334664609240265,1.0,True,0.005284178233893364,0.008991425504771104,1.0:1.0,0.0:0.0,0:0,1.0:1.0
visual_camera,visual_camera,100,0.94,0.05,0.01,244.71267033789775,109.12,100.96,0.9252199413489736,1.0,True,0.005852012468105347,0.010259295214643074,1.0:1.0,0.0:0.0,0:0,1.0:1.0
visual_camera_control,visual_camera_control,100,0.87,0.13,0.0,205.46496133405185,103.64,94.99,0.9165380162099575,1.0,True,0.008278732956913058,0.013611751695301379,0.8:1.2,0.0:0.0008,0:2,0.55:1.0
full_light_geometry,full_light_geometry,100,0.83,0.13,0.04,208.13975793988823,105.12,96.34,0.916476407914764,1.0,True,0.008385100598326721,0.014006842274634385,0.8:1.2,0.0:0.0008,0:2,0.55:1.0
full_contact_light,full_contact_light,100,0.84,0.14,0.02,200.59992743913634,102.93,94.12,0.9144078499951424,0.99,True,0.009298953998121796,0.013991258933001233,0.8:1.2,0.0:0.0008,0:2,0.55:1.0
hard_full_light_bucket,full_light_geometry,100,0.78,0.18,0.04,174.82802508058336,106.57,97.42,0.9141409402270808,0.99,True,0.009769688276853636,0.015427965201874661,0.8:1.1,0.0:0.00025,2:2,0.55:0.7
