name,level,episodes,success_rate,collision_rate,timeout_rate,mean_return,mean_steps,mean_guarded_steps,mean_guarded_step_fraction,guarded_episode_rate,guard_enabled,mean_final_dist_xy,mean_final_dist_z,control_scale_range,control_noise_std_range,control_delay_range,control_filter_alpha_range
clean,none,100,0.62,0.15,0.23,172.05427481186905,331.8,280.94,0.8467148884870404,1.0,True,0.01043801024417336,0.017123867129670053,1.0:1.0,0.0:0.0,0:0,1.0:1.0
visual_camera,visual_camera,100,0.63,0.17,0.2,188.05760937582428,330.49,266.17,0.8053798904656722,0.96,True,0.012353980922933218,0.016918827929890922,1.0:1.0,0.0:0.0,0:0,1.0:1.0
visual_camera_control,visual_camera_control,100,0.59,0.26,0.15,183.2670070923126,293.08,233.19,0.7956530640098267,0.96,True,0.015801966299311417,0.02044434545643873,0.8:1.2,0.0:0.0008,0:2,0.55:1.0
full_light_geometry,full_light_geometry,100,0.58,0.21,0.21,178.77693927977816,323.32,266.96,0.8256835333415811,0.96,True,0.014020432004234027,0.01862288327312473,0.8:1.2,0.0:0.0008,0:2,0.55:1.0
full_contact_light,full_contact_light,100,0.54,0.22,0.24,200.52461528696548,345.9,280.5,0.8109280138768431,0.96,True,0.012940881072168252,0.019316211205645285,0.8:1.2,0.0:0.0008,0:2,0.55:1.0
hard_full_light_bucket,full_light_geometry,100,0.48,0.3,0.22,129.0500530373467,322.31,259.45,0.8049703701405478,0.94,True,0.01779101167871006,0.021277592918271363,0.8:1.1,0.0:0.00025,2:2,0.55:0.7
