name,level,episodes,success_rate,collision_rate,timeout_rate,mean_return,mean_steps,mean_guarded_steps,mean_guarded_step_fraction,guarded_episode_rate,guard_enabled,mean_final_dist_xy,mean_final_dist_z,control_scale_range,control_noise_std_range,control_delay_range,control_filter_alpha_range
clean,none,100,0.6,0.2,0.2,146.54507484168107,307.12,256.85,0.8363180515759313,0.99,True,0.013432991272157982,0.018657672137496535,1.0:1.0,0.0:0.0,0:0,1.0:1.0
visual_camera,visual_camera,100,0.59,0.21,0.2,123.95919267712094,326.93,246.93,0.7552992995442449,0.91,True,0.01761512865020964,0.016547936239384817,1.0:1.0,0.0:0.0,0:0,1.0:1.0
visual_camera_control,visual_camera_control,100,0.57,0.28,0.15,138.52217361303735,296.87,223.01,0.7512042308080977,0.91,True,0.019927555419937862,0.01908885914461208,0.8:1.2,0.0:0.0008,0:2,0.55:1.0
full_light_geometry,full_light_geometry,100,0.56,0.22,0.22,151.53345139470434,331.45,268.73,0.8107708553326295,0.94,True,0.016121448681869058,0.01821416702426077,0.8:1.2,0.0:0.0008,0:2,0.55:1.0
full_contact_light,full_contact_light,100,0.53,0.22,0.25,151.89816901803763,358.03,272.49,0.7610814736195292,0.92,True,0.01876274085041066,0.018706728849848503,0.8:1.2,0.0:0.0008,0:2,0.55:1.0
hard_full_light_bucket,full_light_geometry,100,0.47,0.33,0.2,87.76361608357266,311.13,236.98,0.7616751840066853,0.9,True,0.022220659136543818,0.020557431821755436,0.8:1.1,0.0:0.00025,2:2,0.55:0.7
