name,level,episodes,success_rate,collision_rate,timeout_rate,mean_return,mean_steps,mean_guarded_steps,mean_guarded_step_fraction,guarded_episode_rate,guard_enabled,mean_final_dist_xy,mean_final_dist_z,control_scale_range,control_noise_std_range,control_delay_range,control_filter_alpha_range
clean,none,100,0.67,0.12,0.21,175.02373562123853,317.55,274.61,0.8647772004408755,1.0,True,0.009040059922986692,0.015746854931298827,1.0:1.0,0.0:0.0,0:0,1.0:1.0
visual_camera,visual_camera,100,0.54,0.18,0.28,92.92900013797532,351.28,297.28,0.8462764746071509,0.94,True,0.014404581547351353,0.01832766398656622,1.0:1.0,0.0:0.0,0:0,1.0:1.0
visual_camera_control,visual_camera_control,100,0.5,0.27,0.23,141.6696270270863,327.94,257.3,0.7845947429407819,0.94,True,0.017140789890609517,0.020265531126843008,0.8:1.2,0.0:0.0008,0:2,0.55:1.0
full_light_geometry,full_light_geometry,100,0.53,0.27,0.2,140.19448934117912,314.1,257.19,0.8188156638013371,0.96,True,0.01599391121992787,0.02006612660510157,0.8:1.2,0.0:0.0008,0:2,0.55:1.0
full_contact_light,full_contact_light,100,0.53,0.34,0.13,190.9087143450724,275.22,215.6,0.7833733013589128,0.95,True,0.017392580558285867,0.022621416634666915,0.8:1.2,0.0:0.0008,0:2,0.55:1.0
hard_full_light_bucket,full_light_geometry,100,0.53,0.26,0.21,132.93963356564973,320.52,250.61,0.781885685760639,0.91,True,0.01718845716230675,0.01810824516611171,0.8:1.1,0.0:0.00025,2:2,0.55:0.7
