name,level,episodes,success_rate,collision_rate,timeout_rate,mean_return,mean_steps,mean_guarded_steps,mean_guarded_step_fraction,guarded_episode_rate,guard_enabled,mean_final_dist_xy,mean_final_dist_z,control_scale_range,control_noise_std_range,control_delay_range,control_filter_alpha_range
clean,none,100,0.98,0.02,0.0,147.36973810544401,22.46,0.0,0.0,0.0,False,0.004789911574217053,0.0086822374980089,1.0:1.0,0.0:0.0,0:0,1.0:1.0
visual_camera,visual_camera,100,0.98,0.02,0.0,144.2061365623229,22.17,0.0,0.0,0.0,False,0.004964923034876716,0.00882277601016366,1.0:1.0,0.0:0.0,0:0,1.0:1.0
visual_camera_control,visual_camera_control,100,0.92,0.08,0.0,122.75984847274634,28.81,0.0,0.0,0.0,False,0.007206267323295677,0.012479256570806509,0.8:1.2,0.0:0.0008,0:2,0.55:1.0
full_light_geometry,full_light_geometry,100,0.63,0.3,0.07,25.94727576074424,41.84,40.69,0.9725143403441682,0.98,True,0.012117067447331294,0.028473859959964452,0.8:1.2,0.0:0.0008,0:2,0.55:1.0
full_contact_light,full_contact_light,100,0.63,0.36,0.01,-1.9194564565065366,32.61,31.47,0.9650413983440662,0.97,True,0.01322091002533861,0.026022104685351245,0.8:1.2,0.0:0.0008,0:2,0.55:1.0
hard_full_light_bucket,full_light_geometry,100,0.42,0.58,0.0,-106.68041687350375,20.66,19.31,0.9346563407550822,0.92,True,0.021693704417125162,0.03238630866477723,0.8:1.1,0.0:0.00025,2:2,0.55:0.7
