name,level,episodes,success_rate,collision_rate,timeout_rate,mean_return,mean_steps,mean_guarded_steps,mean_guarded_step_fraction,guarded_episode_rate,guard_enabled,mean_final_dist_xy,mean_final_dist_z,control_scale_range,control_noise_std_range,control_delay_range,control_filter_alpha_range
clean,none,100,0.98,0.02,0.0,147.47298436033648,22.55,0.0,0.0,0.0,False,0.00479325393800843,0.008698152433273295,1.0:1.0,0.0:0.0,0:0,1.0:1.0
visual_camera,visual_camera,100,0.98,0.02,0.0,144.56801278651284,22.29,0.0,0.0,0.0,False,0.004994954081723873,0.008806988161046822,1.0:1.0,0.0:0.0,0:0,1.0:1.0
visual_camera_control,visual_camera_control,100,0.92,0.08,0.0,122.8100501000266,28.85,0.0,0.0,0.0,False,0.007191907353723144,0.012461906677210303,0.8:1.2,0.0:0.0008,0:2,0.55:1.0
full_light_geometry,full_light_geometry,100,0.71,0.23,0.06,50.320660167694804,39.45,38.3,0.97084917617237,0.98,True,0.011075571820636745,0.02389966165704254,0.8:1.2,0.0:0.0008,0:2,0.55:1.0
full_contact_light,full_contact_light,100,0.65,0.32,0.03,15.318032262349007,36.32,35.18,0.9686123348017621,0.97,True,0.013173745381981653,0.026307614376571253,0.8:1.2,0.0:0.0008,0:2,0.55:1.0
hard_full_light_bucket,full_light_geometry,100,0.53,0.46,0.01,-57.704249518928435,20.29,18.94,0.9334647609659932,0.92,True,0.01956843357043222,0.027679683969520304,0.8:1.1,0.0:0.00025,2:2,0.55:0.7
