name,level,episodes,success_rate,collision_rate,timeout_rate,mean_return,mean_steps,mean_guarded_steps,mean_guarded_step_fraction,guarded_episode_rate,guard_enabled,mean_final_dist_xy,mean_final_dist_z,control_scale_range,control_noise_std_range,control_delay_range,control_filter_alpha_range
clean,none,100,0.98,0.02,0.0,147.14617609262692,22.36,0.0,0.0,0.0,False,0.004786513320695541,0.00868571897574596,1.0:1.0,0.0:0.0,0:0,1.0:1.0
visual_camera,visual_camera,100,0.98,0.02,0.0,144.5188113509967,22.3,0.0,0.0,0.0,False,0.00499876627221517,0.008842343807867086,1.0:1.0,0.0:0.0,0:0,1.0:1.0
visual_camera_control,visual_camera_control,100,0.91,0.09,0.0,118.97922307640869,29.9,0.0,0.0,0.0,False,0.0074684177603682785,0.013137899129122997,0.8:1.2,0.0:0.0008,0:2,0.55:1.0
full_light_geometry,full_light_geometry,100,0.62,0.38,0.01,2.3247472966431704,39.55,38.4,0.9709228824273073,0.98,True,0.013098215733868013,0.027403603721215083,0.8:1.2,0.0:0.0008,0:2,0.55:1.0
full_contact_light,full_contact_light,100,0.65,0.34,0.01,9.969655797657309,32.95,31.81,0.9654021244309559,0.97,True,0.013219708298324669,0.024575217259139852,0.8:1.2,0.0:0.0008,0:2,0.55:1.0
hard_full_light_bucket,full_light_geometry,100,0.49,0.5,0.01,-72.7774504599112,19.08,17.73,0.929245283018868,0.92,True,0.020481373624663287,0.0282555128600179,0.8:1.1,0.0:0.00025,2:2,0.55:0.7
