name,level,episodes,success_rate,collision_rate,timeout_rate,mean_return,mean_steps,mean_final_dist_xy,mean_final_dist_z,control_scale_range,control_noise_std_range,control_delay_range,control_filter_alpha_range,contact_friction_range,contact_solref_time_range,contact_solref_damping_range,contact_solimp_width_range,joint_damping_range,actuator_kp_range
clean,none,100,0.98,0.02,0.0,165.07300005810438,22.5,0.004842921433023491,0.008792869197303167,1.0:1.0,0.0:0.0,0:0,1.0:1.0,1.0:1.0,1.0:1.0,1.0:1.0,1.0:1.0,1.0:1.0,1.0:1.0
visual_camera,visual_camera,100,0.96,0.04,0.0,148.96445039306312,24.0,0.008890491322876776,0.009049601833991406,1.0:1.0,0.0:0.0,0:0,1.0:1.0,1.0:1.0,1.0:1.0,1.0:1.0,1.0:1.0,1.0:1.0,1.0:1.0
visual_camera_control,visual_camera_control,100,0.88,0.12,0.0,124.93164963579082,32.69,0.009123382132329192,0.014858638984587147,0.8:1.2,0.0:0.0008,0:2,0.55:1.0,1.0:1.0,1.0:1.0,1.0:1.0,1.0:1.0,1.0:1.0,1.0:1.0
full_light_geometry,full_light_geometry,100,0.31,0.65,0.04,-125.87527178938964,33.76,0.036520237141524,0.026383062661898774,0.8:1.2,0.0:0.0008,0:2,0.55:1.0,1.0:1.0,1.0:1.0,1.0:1.0,1.0:1.0,1.0:1.0,1.0:1.0
full_contact_light,full_contact_light,100,0.29,0.69,0.02,-139.50028319372265,34.67,0.037421227019706425,0.028752949454643996,0.8:1.2,0.0:0.0008,0:2,0.55:1.0,0.7:1.3,0.8:1.25,0.8:1.2,0.8:1.2,0.8:1.2,0.8:1.2
