name,level,episodes,success_rate,collision_rate,timeout_rate,mean_return,mean_steps,mean_final_dist_xy,mean_final_dist_z,control_scale_range,control_noise_std_range,control_delay_range,control_filter_alpha_range,contact_friction_range,contact_solref_time_range,contact_solref_damping_range,contact_solimp_width_range,joint_damping_range,actuator_kp_range
clean,none,100,0.98,0.02,0.0,168.39874405450698,23.98,0.004905431836866037,0.008591195621120339,1.0:1.0,0.0:0.0,0:0,1.0:1.0,1.0:1.0,1.0:1.0,1.0:1.0,1.0:1.0,1.0:1.0,1.0:1.0
visual_camera,visual_camera,100,0.96,0.04,0.0,158.35473503458354,25.09,0.005744464615090879,0.010150339284953276,1.0:1.0,0.0:0.0,0:0,1.0:1.0,1.0:1.0,1.0:1.0,1.0:1.0,1.0:1.0,1.0:1.0,1.0:1.0
visual_camera_control,visual_camera_control,100,0.91,0.09,0.0,138.32474356341277,32.01,0.007528751936091713,0.013093682401048357,0.8:1.2,0.0:0.0008,0:2,0.55:1.0,1.0:1.0,1.0:1.0,1.0:1.0,1.0:1.0,1.0:1.0,1.0:1.0
full_light_geometry,full_light_geometry,100,0.55,0.44,0.01,-38.20166244618826,26.23,0.014579210282359915,0.025857744862624408,0.8:1.2,0.0:0.0008,0:2,0.55:1.0,1.0:1.0,1.0:1.0,1.0:1.0,1.0:1.0,1.0:1.0,1.0:1.0
full_contact_light,full_contact_light,100,0.62,0.37,0.01,-11.17608564845863,24.33,0.013952232716287935,0.02302325620391971,0.8:1.2,0.0:0.0008,0:2,0.55:1.0,0.7:1.3,0.8:1.25,0.8:1.2,0.8:1.2,0.8:1.2,0.8:1.2
