name,level,episodes,success_rate,collision_rate,timeout_rate,mean_return,mean_steps,mean_guarded_steps,mean_guarded_step_fraction,guarded_episode_rate,guard_enabled,mean_final_dist_xy,mean_final_dist_z,control_scale_range,control_noise_std_range,control_delay_range,control_filter_alpha_range
clean,none,100,1.0,0.0,0.0,126.1856002265933,21.86,21.02,0.9615736505032022,1.0,True,0.004705872281072405,0.007036118077473306,1.0:1.0,0.0:0.0,0:0,1.0:1.0
visual_camera,visual_camera,100,1.0,0.0,0.0,126.29959315618409,21.95,21.09,0.9608200455580865,1.0,True,0.004716521842965977,0.007033915326960025,1.0:1.0,0.0:0.0,0:0,1.0:1.0
visual_camera_control,visual_camera_control,100,0.83,0.16,0.01,84.88522874456149,43.32,42.22,0.9746075715604802,0.98,True,0.010707825144576506,0.01869875439898574,0.8:1.2,0.0:0.0008,0:2,0.55:1.0
full_light_geometry,full_light_geometry,100,0.69,0.24,0.07,40.292990505116634,39.61,38.46,0.9709669275435496,0.98,True,0.010964664200269978,0.024581942829279217,0.8:1.2,0.0:0.0008,0:2,0.55:1.0
full_contact_light,full_contact_light,100,0.66,0.29,0.05,21.52265197740031,36.77,35.63,0.9689964645091107,0.97,True,0.012380981701143079,0.025254422564860067,0.8:1.2,0.0:0.0008,0:2,0.55:1.0
hard_full_light_bucket,full_light_geometry,100,0.48,0.52,0.0,-83.27129238792709,21.64,20.29,0.937615526802218,0.92,True,0.02055475681145807,0.02980692421351164,0.8:1.1,0.0:0.00025,2:2,0.55:0.7
