name,level,episodes,success_rate,collision_rate,timeout_rate,mean_return,mean_steps,mean_final_dist_xy,mean_final_dist_z,control_scale_range,control_noise_std_range,control_delay_range,control_filter_alpha_range,contact_friction_range,contact_solref_time_range,contact_solref_damping_range,contact_solimp_width_range,joint_damping_range,actuator_kp_range
clean,none,100,0.96,0.04,0.0,164.438884187153,25.53,0.005595024773662356,0.010012012483838222,1.0:1.0,0.0:0.0,0:0,1.0:1.0,1.0:1.0,1.0:1.0,1.0:1.0,1.0:1.0,1.0:1.0,1.0:1.0
visual_camera,visual_camera,100,0.95,0.05,0.0,157.29767363771097,26.36,0.005985565175127132,0.01086385895541532,1.0:1.0,0.0:0.0,0:0,1.0:1.0,1.0:1.0,1.0:1.0,1.0:1.0,1.0:1.0,1.0:1.0,1.0:1.0
visual_camera_control,visual_camera_control,100,0.88,0.11,0.01,131.50989996318285,33.91,0.008524763678642869,0.015189285765092528,0.8:1.2,0.0:0.0008,0:2,0.55:1.0,1.0:1.0,1.0:1.0,1.0:1.0,1.0:1.0,1.0:1.0,1.0:1.0
full_light_geometry,full_light_geometry,100,0.55,0.43,0.02,-39.01307505410559,25.48,0.014642600064779942,0.025951920602243397,0.8:1.2,0.0:0.0008,0:2,0.55:1.0,1.0:1.0,1.0:1.0,1.0:1.0,1.0:1.0,1.0:1.0,1.0:1.0
full_contact_light,full_contact_light,100,0.53,0.47,0.0,-46.46715369515716,26.66,0.015467172023506323,0.027862880136537652,0.8:1.2,0.0:0.0008,0:2,0.55:1.0,0.7:1.3,0.8:1.25,0.8:1.2,0.8:1.2,0.8:1.2,0.8:1.2
