name,level,episodes,success_rate,collision_rate,timeout_rate,mean_return,mean_steps,mean_final_dist_xy,mean_final_dist_z,control_scale_range,control_noise_std_range,control_delay_range,control_filter_alpha_range,contact_friction_range,contact_solref_time_range,contact_solref_damping_range,contact_solimp_width_range,joint_damping_range,actuator_kp_range
clean,none,100,0.99,0.01,0.0,169.4561375667173,22.63,0.0045323858485501085,0.007959121190713896,1.0:1.0,0.0:0.0,0:0,1.0:1.0,1.0:1.0,1.0:1.0,1.0:1.0,1.0:1.0,1.0:1.0,1.0:1.0
visual_camera,visual_camera,100,0.96,0.04,0.0,158.83880666299217,25.34,0.0056791410065070635,0.010214417131276092,1.0:1.0,0.0:0.0,0:0,1.0:1.0,1.0:1.0,1.0:1.0,1.0:1.0,1.0:1.0,1.0:1.0,1.0:1.0
visual_camera_control,visual_camera_control,100,0.91,0.08,0.01,140.04942369605888,32.83,0.007490203008912536,0.0132015515285928,0.8:1.2,0.0:0.0008,0:2,0.55:1.0,1.0:1.0,1.0:1.0,1.0:1.0,1.0:1.0,1.0:1.0,1.0:1.0
full_light_geometry,full_light_geometry,100,0.55,0.44,0.01,-39.37676037345428,24.15,0.014695701466160664,0.025319084137958386,0.8:1.2,0.0:0.0008,0:2,0.55:1.0,1.0:1.0,1.0:1.0,1.0:1.0,1.0:1.0,1.0:1.0,1.0:1.0
full_contact_light,full_contact_light,100,0.53,0.45,0.02,-40.41899084122116,26.38,0.01533302064200763,0.026590460886183512,0.8:1.2,0.0:0.0008,0:2,0.55:1.0,0.7:1.3,0.8:1.25,0.8:1.2,0.8:1.2,0.8:1.2,0.8:1.2
