name,level,episodes,success_rate,collision_rate,timeout_rate,mean_return,mean_steps,mean_guarded_steps,mean_guarded_step_fraction,guarded_episode_rate,guard_enabled,mean_final_dist_xy,mean_final_dist_z,control_scale_range,control_noise_std_range,control_delay_range,control_filter_alpha_range
clean,none,100,0.08,0.22,0.7,-228.19600416654745,152.94,0.0,0.0,0.0,False,0.02294390179901276,0.016863437908380217,1.0:1.0,0.0:0.0,0:0,1.0:1.0
visual_camera,visual_camera,100,0.26,0.21,0.53,-139.46061420216506,137.84,0.0,0.0,0.0,False,0.02202500937180545,0.016183263436684386,1.0:1.0,0.0:0.0,0:0,1.0:1.0
visual_camera_control,visual_camera_control,100,0.25,0.22,0.53,-142.5228827015222,136.82,0.0,0.0,0.0,False,0.022903091525263927,0.016909896998599766,0.8:1.2,0.0:0.0008,0:2,0.55:1.0
full_light_geometry,full_light_geometry,100,0.62,0.28,0.1,69.20837994962753,101.17,91.78,0.9071859246812296,0.94,True,0.015989043942232006,0.01854816725451811,0.8:1.2,0.0:0.0008,0:2,0.55:1.0
full_contact_light,full_contact_light,100,0.65,0.29,0.06,71.6940303818282,97.95,88.63,0.9048494129657988,0.93,True,0.01649998910629045,0.01905085814460929,0.8:1.2,0.0:0.0008,0:2,0.55:1.0
hard_full_light_bucket,full_light_geometry,100,0.59,0.28,0.13,66.28046726398526,104.96,96.07,0.9153010670731707,0.95,True,0.017086611361681773,0.018757205114279706,0.8:1.1,0.0:0.00025,2:2,0.55:0.7
