name,level,episodes,success_rate,collision_rate,timeout_rate,mean_return,mean_steps,mean_guarded_steps,mean_guarded_step_fraction,guarded_episode_rate,guard_enabled,mean_final_dist_xy,mean_final_dist_z,control_scale_range,control_noise_std_range,control_delay_range,control_filter_alpha_range
clean,none,100,0.68,0.06,0.26,267.4708630320981,436.25,347.56,0.7966991404011461,1.0,True,0.007777586555725607,0.014197452167908775,1.0:1.0,0.0:0.0,0:0,1.0:1.0
visual_camera,visual_camera,100,0.62,0.14,0.24,205.12816922950282,405.48,318.24,0.7848475880438,0.99,True,0.010352056469255837,0.01768975927723645,1.0:1.0,0.0:0.0,0:0,1.0:1.0
visual_camera_control,visual_camera_control,100,0.51,0.21,0.28,185.71628701199327,431.13,339.17,0.7867000672650941,0.95,True,0.013738372252127455,0.020077025623208095,0.8:1.2,0.0:0.0008,0:2,0.55:1.0
full_light_geometry,full_light_geometry,100,0.51,0.23,0.26,180.83300090897112,421.38,329.42,0.781764677962884,0.96,True,0.014716985666468745,0.01966927658833513,0.8:1.2,0.0:0.0008,0:2,0.55:1.0
full_contact_light,full_contact_light,100,0.51,0.26,0.23,193.33265767408827,398.97,299.01,0.7494548462290397,0.94,True,0.017907106142624966,0.022248850021734445,0.8:1.2,0.0:0.0008,0:2,0.55:1.0
hard_full_light_bucket,full_light_geometry,100,0.49,0.25,0.26,237.26154001534363,424.22,317.09,0.747465937485267,0.95,True,0.016192747528128718,0.020275384416374415,0.8:1.1,0.0:0.00025,2:2,0.55:0.7
