name,level,episodes,success_rate,collision_rate,timeout_rate,mean_return,mean_steps,mean_guarded_steps,mean_guarded_step_fraction,guarded_episode_rate,guard_enabled,mean_final_dist_xy,mean_final_dist_z,control_scale_range,control_noise_std_range,control_delay_range,control_filter_alpha_range
clean,none,100,0.56,0.22,0.22,212.827106426097,387.83,309.5,0.798030064719078,0.97,True,0.013668184037738418,0.020367194609512085,1.0:1.0,0.0:0.0,0:0,1.0:1.0
visual_camera,visual_camera,100,0.53,0.25,0.22,211.85370787748872,396.25,293.37,0.7403659305993691,0.95,True,0.015410565430587213,0.019865268248529574,1.0:1.0,0.0:0.0,0:0,1.0:1.0
visual_camera_control,visual_camera_control,100,0.54,0.25,0.21,202.21278501655988,386.24,296.4,0.7673985086992543,0.93,True,0.01565858320918697,0.02056990674456336,0.8:1.2,0.0:0.0008,0:2,0.55:1.0
full_light_geometry,full_light_geometry,100,0.52,0.22,0.26,221.61043386764652,403.74,309.43,0.7664090751473721,0.97,True,0.013977958180647265,0.01929577682695629,0.8:1.2,0.0:0.0008,0:2,0.55:1.0
full_contact_light,full_contact_light,100,0.48,0.3,0.22,161.80534683593186,381.04,257.83,0.6766481209321855,0.91,True,0.01974835525015286,0.021450748304961714,0.8:1.2,0.0:0.0008,0:2,0.55:1.0
hard_full_light_bucket,full_light_geometry,100,0.44,0.33,0.23,129.8024371882101,386.17,284.34,0.7363078436957815,0.9,True,0.02146944175507058,0.02221768293957373,0.8:1.1,0.0:0.00025,2:2,0.55:0.7
